,Positiveg,GDPg_past_ma10
51,1,0.07699283404709453
52,1,0.0914831934362026
53,1,0.07896238433634749
54,1,0.0741555314610843
55,0,0.06956421973217788
56,1,0.050446301237153955
57,1,0.04013331864747819
58,1,0.037049666826722026
59,0,0.053949188907154264
60,0,0.05956444587282524
