,GDPg,GDPg_past_ma10
51,0.09540500144221942,0.07699283404709453
52,0.020116180718469323,0.0914831934362026
53,0.07225268493386428,0.07896238433634749
54,0.08281295593813831,0.0741555314610843
55,-0.012497305163307049,0.06956421973217788
56,0.023427959366066897,0.050446301237153955
57,0.08252061515488873,0.04013331864747819
58,0.06216515795307598,0.037049666826722026
59,-0.04257181783923236,0.053949188907154264
60,-0.008186893703600484,0.05956444587282524
